{"cameraMode":{"drawMode":0,"name":"Shaded","section":"Shading Mode"},"sceneLighting":true,"audioPlay":false,"sceneViewState":{"showFog":true,"showMaterialUpdate":false,"showSkybox":false,"showFlares":true,"showImageEffects":true,"showParticleSystems":true},"in2DMode":false,"pivot":{"x":0.0011265110224485398,"y":8.40379524230957,"z":78.90705108642578},"rotation":{"x":0.016809765249490739,"y":-0.025499707087874414,"z":0.0004288610361982137,"w":0.9995334148406982},"size":98.35382080078125,"orthographic":false}